ID,LABEL,URL
id25049,Values and Ethics Code for the Public Sector,https://www.tbs-sct.gc.ca/pol/doc-eng.aspx?id=25049
id13616,Foundation Framework for Treasury Board Policies,https://www.tbs-sct.gc.ca/pol/doc-eng.aspx?id=13616
id27122,"Acceptable Network and Device Use, Policy on",https://www.tbs-sct.gc.ca/pol/doc-eng.aspx?id=27122
id12022,"Assets and Acquired Services, Policy Framework for the Management of",https://www.tbs-sct.gc.ca/pol/doc-eng.aspx?id=12022
id12025,Common Services Policy,https://www.tbs-sct.gc.ca/pol/doc-eng.aspx?id=12025
id14494,Contracting Policy,https://www.tbs-sct.gc.ca/pol/doc-eng.aspx?id=14494
id28230,"Contractual Arrangements, Guidelines on",https://www.tbs-sct.gc.ca/pol/doc-eng.aspx?id=28230
id28107,"Managers - Best Practices for Using Advance Contract Award Notices (ACANS) (Revised January 2004), Guide for",https://www.tbs-sct.gc.ca/pol/doc-eng.aspx?id=28107
id14676,"Proactive Disclosure of Contracts, Guidelines on the",https://www.tbs-sct.gc.ca/pol/doc-eng.aspx?id=14676
id12038,"Decision Making in Limiting Contractor Liability in Crown Procurement Contracts, Policy on",https://www.tbs-sct.gc.ca/pol/doc-eng.aspx?id=12038
id18225,"Investment Planning - Assets and Acquired Services, Policy on",https://www.tbs-sct.gc.ca/pol/doc-eng.aspx?id=18225
id17660,"Investment Planning - Assets and Acquired Services, Guide to",https://www.tbs-sct.gc.ca/pol/doc-eng.aspx?id=17660
id12062,"Materiel, Policy on Management of",https://www.tbs-sct.gc.ca/pol/doc-eng.aspx?id=12062
id12063,Controlled Goods Directive,https://www.tbs-sct.gc.ca/pol/doc-eng.aspx?id=12063
id12064,"Fleet Management: Executive Vehicles, Directive on",https://www.tbs-sct.gc.ca/pol/doc-eng.aspx?id=12064
id28105,"Fleet Management, Chapter 2: Executive Vehicles, Guide to",https://www.tbs-sct.gc.ca/pol/doc-eng.aspx?id=28105
id12065,"Fleet Management: Light Duty Vehicles, Directive on",https://www.tbs-sct.gc.ca/pol/doc-eng.aspx?id=12065
id28288,"Fleet Management, Chapter 1: Light-Duty Vehicles, Guidelines on",https://www.tbs-sct.gc.ca/pol/doc-eng.aspx?id=28288
id14671,"Materiel, Guide to Management of",https://www.tbs-sct.gc.ca/pol/doc-eng.aspx?id=14671
id13872,"Movable Heritage Assets, Guide to the Management of",https://www.tbs-sct.gc.ca/pol/doc-eng.aspx?id=13872
id12066,"Surplus Materiel, Directive on Disposal of",https://www.tbs-sct.gc.ca/pol/doc-eng.aspx?id=12066
id12074,Procurement Review Policy,https://www.tbs-sct.gc.ca/pol/doc-eng.aspx?id=12074
id18229,"Projects, Policy on the Management of",https://www.tbs-sct.gc.ca/pol/doc-eng.aspx?id=18229
id21252,"Organizational Project Management Capacity, Standard for",https://www.tbs-sct.gc.ca/pol/doc-eng.aspx?id=21252
id28190,Organizational Project Management Capacity Assessment Tool,https://www.tbs-sct.gc.ca/pol/doc-eng.aspx?id=28190
id27807,"Project Brief, Guide to a",https://www.tbs-sct.gc.ca/pol/doc-eng.aspx?id=27807
id21261,"Project Complexity and Risk, Standard for",https://www.tbs-sct.gc.ca/pol/doc-eng.aspx?id=21261
id28001,"Using the Project Complexity and Risk Assessment Tool, Guide to",https://www.tbs-sct.gc.ca/pol/doc-eng.aspx?id=28001
id27421,"Projects - November 12, 2013, Notice on Policy on Management of",https://www.tbs-sct.gc.ca/pol/doc-eng.aspx?id=27421
id25576,"Public-Private Partnerships, Guideline to Implementing Budget 2011 Direction on",https://www.tbs-sct.gc.ca/pol/doc-eng.aspx?id=25576
id12042,"Real Property, Policy on Management of",https://www.tbs-sct.gc.ca/pol/doc-eng.aspx?id=12042
id12044,Accessibility Standard for Real Property,https://www.tbs-sct.gc.ca/pol/doc-eng.aspx?id=12044
id12045,Appraisals and Estimates Standard for Real Property,https://www.tbs-sct.gc.ca/pol/doc-eng.aspx?id=12045
id17316,Fire Protection Standard,https://www.tbs-sct.gc.ca/pol/doc-eng.aspx?id=17316
id27419,"Real Property - November 12, 2013, Notice on Policy on Management of",https://www.tbs-sct.gc.ca/pol/doc-eng.aspx?id=27419
id17562,"Real Property - November 16, 2009, Notice on Policy on Management of",https://www.tbs-sct.gc.ca/pol/doc-eng.aspx?id=17562
id24834,"Real Property - November 17, 2011, Notice on Policy on Management of",https://www.tbs-sct.gc.ca/pol/doc-eng.aspx?id=24834
id25595,"Real Property Management: Aboriginal Context, Guide to",https://www.tbs-sct.gc.ca/pol/doc-eng.aspx?id=25595
id12056,"Real Property, Guide to the Management of",https://www.tbs-sct.gc.ca/pol/doc-eng.aspx?id=12056
id12047,Reporting Standard on Real Property,https://www.tbs-sct.gc.ca/pol/doc-eng.aspx?id=12047
id25868,"Requesting Capacity-Based Real Property Transaction Approval Limits, Guide to",https://www.tbs-sct.gc.ca/pol/doc-eng.aspx?id=25868
id12043,"Sale or Transfer of Surplus Real Property, Directive on the",https://www.tbs-sct.gc.ca/pol/doc-eng.aspx?id=12043
id30683,"Communications and Federal Identity, Policy on",https://www.tbs-sct.gc.ca/pol/doc-eng.aspx?id=30683
id30682,"Communications, Directive on the Management of",https://www.tbs-sct.gc.ca/pol/doc-eng.aspx?id=30682
id12315,Federal Identity Program Manual,https://www.tbs-sct.gc.ca/pol/doc-eng.aspx?id=12315
id27167,"Publishing, Procedures for",https://www.tbs-sct.gc.ca/pol/doc-eng.aspx?id=27167
id12084,"Compensation, Policy Framework for the Management of",https://www.tbs-sct.gc.ca/pol/doc-eng.aspx?id=12084
id12522,Bilingualism Bonus Directive,https://www.tbs-sct.gc.ca/pol/doc-eng.aspx?id=12522
id12120,Defence Scientific Service Group - Pay Plan,https://www.tbs-sct.gc.ca/pol/doc-eng.aspx?id=12120
id12111,"Educational Assistance for Children of Employees, Policy on",https://www.tbs-sct.gc.ca/pol/doc-eng.aspx?id=12111
id14220,"Executive Compensation, Directive on",https://www.tbs-sct.gc.ca/pol/doc-eng.aspx?id=14220
id13589,Flying Accidents Compensation,https://www.tbs-sct.gc.ca/pol/doc-eng.aspx?id=13589
id12139,Injury on Duty Leave,https://www.tbs-sct.gc.ca/pol/doc-eng.aspx?id=12139
id13848,Long-Term Disability Insurance,https://www.tbs-sct.gc.ca/pol/doc-eng.aspx?id=13848
id13951,Performance Pay Administration Policy for Certain Non-Management Category Senior Excluded Levels,https://www.tbs-sct.gc.ca/pol/doc-eng.aspx?id=13951
id12129,Performance pay for represented employees in the Administrative and Foreign Service Category,https://www.tbs-sct.gc.ca/pol/doc-eng.aspx?id=12129
id13583,Public Service Income Benefit Plan for Survivors of Employees Slain on Duty,https://www.tbs-sct.gc.ca/pol/doc-eng.aspx?id=13583
id12133,Salary Administration  – University Teachers (UT) (Employer/Union Agreement) (#658),https://www.tbs-sct.gc.ca/pol/doc-eng.aspx?id=12133
id12116,Salary administration policy - Mediation/Conciliation Officer Sub-group,https://www.tbs-sct.gc.ca/pol/doc-eng.aspx?id=12116
id12588,Self-Funded Leave Policy,https://www.tbs-sct.gc.ca/pol/doc-eng.aspx?id=12588
id13953,"Service outside Canada, Policy on",https://www.tbs-sct.gc.ca/pol/doc-eng.aspx?id=13953
id13954,"Staff engaged locally outside Canada, Policy on",https://www.tbs-sct.gc.ca/pol/doc-eng.aspx?id=13954
id15771,"Terms and Conditions of Employment, Policy on",https://www.tbs-sct.gc.ca/pol/doc-eng.aspx?id=15771
id15774,"Leave and Special Working Arrangements, Directive on",https://www.tbs-sct.gc.ca/pol/doc-eng.aspx?id=15774
id15773,"Terms and Conditions of Employment for Certain Excluded/Unrepresented Employees, Directive on",https://www.tbs-sct.gc.ca/pol/doc-eng.aspx?id=15773
id15772,"Terms and Conditions of Employment, Directive on",https://www.tbs-sct.gc.ca/pol/doc-eng.aspx?id=15772
id21104,"Union Dues, Directive on",https://www.tbs-sct.gc.ca/pol/doc-eng.aspx?id=21104
id13856,Travel Directive,https://www.tbs-sct.gc.ca/pol/doc-eng.aspx?id=13856
id12135,"Travel Authorities, Special",https://www.tbs-sct.gc.ca/pol/doc-eng.aspx?id=12135
id12141,"Two-Tier Bargaining, Guidelines for",https://www.tbs-sct.gc.ca/pol/doc-eng.aspx?id=12141
id13593,Work Force Adjustment Directive,https://www.tbs-sct.gc.ca/pol/doc-eng.aspx?id=13593
id12143,Workers' Compensation,https://www.tbs-sct.gc.ca/pol/doc-eng.aspx?id=12143
id17151,"Compliance, Framework for the Management of",https://www.tbs-sct.gc.ca/pol/doc-eng.aspx?id=17151
id25178,"Conflict of Interest and Post-Employment, Policy on",https://www.tbs-sct.gc.ca/pol/doc-eng.aspx?id=25178
id32495,"Financial Management, Policy on",https://www.tbs-sct.gc.ca/pol/doc-eng.aspx?id=32495
id32499,"Accounting Standards, Directive on",https://www.tbs-sct.gc.ca/pol/doc-eng.aspx?id=32499
id20886,Capital Assets: A Supplement to the Financial Information Strategy (FIS) Manual; Interdepartmental Transfers,https://www.tbs-sct.gc.ca/pol/doc-eng.aspx?id=20886
id12182,Financial Information Strategy Accounting Manual,https://www.tbs-sct.gc.ca/pol/doc-eng.aspx?id=12182
id20888,Remediation Liabilities Related to Contaminated Sites: A Supplement to the Financial Information Strategy (FIS) Manual,https://www.tbs-sct.gc.ca/pol/doc-eng.aspx?id=20888
id20885,"Supplement to the Financial Information Strategy (FIS) Manual, A; Future Asset Restoration Liability",https://www.tbs-sct.gc.ca/pol/doc-eng.aspx?id=20885
id32502,"Charging and Special Financial Authorities, Directive on",https://www.tbs-sct.gc.ca/pol/doc-eng.aspx?id=32502
id25593,"Chart of Accounts Line Object Codes, Guideline on Departmental",https://www.tbs-sct.gc.ca/pol/doc-eng.aspx?id=25593
id27256,"Chief Financial Officer Attestation for Cabinet Submissions, Guideline on",https://www.tbs-sct.gc.ca/pol/doc-eng.aspx?id=27256
id32503,"Delegation of Spending and Financial Authorities, Directive on",https://www.tbs-sct.gc.ca/pol/doc-eng.aspx?id=32503
id27260,"Internal Control, Guideline for the Policy on",https://www.tbs-sct.gc.ca/pol/doc-eng.aspx?id=27260
id32504,"Payments, Directive on",https://www.tbs-sct.gc.ca/pol/doc-eng.aspx?id=32504
id17068,"Claims and Ex Gratia Payments, Guideline on",https://www.tbs-sct.gc.ca/pol/doc-eng.aspx?id=17068
id17065,"Financial Management of Pay Administration, Guideline on",https://www.tbs-sct.gc.ca/pol/doc-eng.aspx?id=17065
id19018,"Goods and Services Tax/Harmonized Sales Tax, Guideline on the Application of",https://www.tbs-sct.gc.ca/pol/doc-eng.aspx?id=19018
id27177,"Payment, Recording and Rebate of the Quebec Sales Tax, Guideline on the",https://www.tbs-sct.gc.ca/pol/doc-eng.aspx?id=27177
id25600,"Processing of Garnishments, Guidelines for the",https://www.tbs-sct.gc.ca/pol/doc-eng.aspx?id=25600
id32505,"Public Money and Receivables, Directive on",https://www.tbs-sct.gc.ca/pol/doc-eng.aspx?id=32505
id17067,"Accountable Advances, Guideline on",https://www.tbs-sct.gc.ca/pol/doc-eng.aspx?id=17067
id17066,"Collection of Receivables, Guideline on",https://www.tbs-sct.gc.ca/pol/doc-eng.aspx?id=17066
id19024,"Interest and Administrative Charges, Guideline on",https://www.tbs-sct.gc.ca/pol/doc-eng.aspx?id=19024
id15796,"Security for Debts, Guideline on",https://www.tbs-sct.gc.ca/pol/doc-eng.aspx?id=15796
id27228,"Travel, Hospitality, Conference and Event Expenditures, Directive on",https://www.tbs-sct.gc.ca/pol/doc-eng.aspx?id=27228
id28203,Governance and Expenditure Management Policy Area,https://www.tbs-sct.gc.ca/pol/doc-eng.aspx?id=28203
id12364,Manager's Guide to Operating Budgets,https://www.tbs-sct.gc.ca/pol/doc-eng.aspx?id=12364
id12169,Review of Memorandum to Cabinet - Expenditure Management System (EMS) - SFO sign-off - Information Notice,https://www.tbs-sct.gc.ca/pol/doc-eng.aspx?id=12169
id14265,"Streamlining - Statutory Reports to Parliament, Guidelines on",https://www.tbs-sct.gc.ca/pol/doc-eng.aspx?id=14265
id16578,"Government Security, Policy on",https://www.tbs-sct.gc.ca/pol/doc-eng.aspx?id=16578
id16577,"Identity Management, Directive on",https://www.tbs-sct.gc.ca/pol/doc-eng.aspx?id=16577
id26776,"Identity and Credential Assurance, Standard on",https://www.tbs-sct.gc.ca/pol/doc-eng.aspx?id=26776
id26262,"Authentication Requirements, Guideline on Defining",https://www.tbs-sct.gc.ca/pol/doc-eng.aspx?id=26262
id30678,"Identity Assurance, Guideline on",https://www.tbs-sct.gc.ca/pol/doc-eng.aspx?id=30678
id16579,"Security Management, Directive on Departmental",https://www.tbs-sct.gc.ca/pol/doc-eng.aspx?id=16579
id12324,"Operational Security - Business Continuity Planning (BCP) Program, Standard",https://www.tbs-sct.gc.ca/pol/doc-eng.aspx?id=12324
id12331,"Operational Security - Readiness Levels for Federal Government Facilities, Standard",https://www.tbs-sct.gc.ca/pol/doc-eng.aspx?id=12331
id12328,"Operational Security : Management of Information Technology Security (MITS), Standard",https://www.tbs-sct.gc.ca/pol/doc-eng.aspx?id=12328
id12329,Operational Security Standard on Physical Security,https://www.tbs-sct.gc.ca/pol/doc-eng.aspx?id=12329
id12323,Operational Standard for the Security of Information Act,https://www.tbs-sct.gc.ca/pol/doc-eng.aspx?id=12323
id20008,"Public Key Infrastructure in the Government of Canada, Guideline on the Management of",https://www.tbs-sct.gc.ca/pol/doc-eng.aspx?id=20008
id12332,Security and Contracting Management Standard,https://www.tbs-sct.gc.ca/pol/doc-eng.aspx?id=12332
id12333,Security Organization and Administration Standard,https://www.tbs-sct.gc.ca/pol/doc-eng.aspx?id=12333
id20010,"Security Plan, Guideline on Developing a Departmental",https://www.tbs-sct.gc.ca/pol/doc-eng.aspx?id=20010
id28115,"Security Screening, Standard on",https://www.tbs-sct.gc.ca/pol/doc-eng.aspx?id=28115
id12452,"Information and Technology, Policy Framework for",https://www.tbs-sct.gc.ca/pol/doc-eng.aspx?id=12452
id12453,"Access to Information, Policy on",https://www.tbs-sct.gc.ca/pol/doc-eng.aspx?id=12453
id18310,"Access to Information Act, Interim Directive on the Administration of the",https://www.tbs-sct.gc.ca/pol/doc-eng.aspx?id=18310
id12360,"Treatment of Access to Information Requests for Audit Information (PIN) - July 1, 1984",https://www.tbs-sct.gc.ca/pol/doc-eng.aspx?id=12360
id12742,"Information Management, Policy on",https://www.tbs-sct.gc.ca/pol/doc-eng.aspx?id=12742
id18910,"Electronic Documents and Records Management Solutions (EDRMS), Standard for",https://www.tbs-sct.gc.ca/pol/doc-eng.aspx?id=18910
id27600,"Email Management, Standard on",https://www.tbs-sct.gc.ca/pol/doc-eng.aspx?id=27600
id16553,"Geospatial Data, Standard on",https://www.tbs-sct.gc.ca/pol/doc-eng.aspx?id=16553
id12754,"Information Management Roles and Responsibilities, Directive on",https://www.tbs-sct.gc.ca/pol/doc-eng.aspx?id=12754
id16557,Information Management (IM) Basics – Guideline for Employees of the Government of Canada,https://www.tbs-sct.gc.ca/pol/doc-eng.aspx?id=16557
id18909,"Metadata, Standard on",https://www.tbs-sct.gc.ca/pol/doc-eng.aspx?id=18909
id28108,"Open Government, Directive on",https://www.tbs-sct.gc.ca/pol/doc-eng.aspx?id=28108
id16552,"Recordkeeping, Directive on",https://www.tbs-sct.gc.ca/pol/doc-eng.aspx?id=16552
id18909,"Metadata, Standard on",https://www.tbs-sct.gc.ca/pol/doc-eng.aspx?id=18909
id12755,"Information Technology, Policy on Management of",https://www.tbs-sct.gc.ca/pol/doc-eng.aspx?id=12755
id15249,"Information Technology, Directive on Management of",https://www.tbs-sct.gc.ca/pol/doc-eng.aspx?id=15249
id25687,"Enterprise Resource Planning Systems, Standard on",https://www.tbs-sct.gc.ca/pol/doc-eng.aspx?id=25687
id26295,Internet Protocol Version 6 (IPv6) Network Equipment Procurement Guideline,https://www.tbs-sct.gc.ca/pol/doc-eng.aspx?id=26295
id12328,"Operational Security : Management of Information Technology Security (MITS), Standard",https://www.tbs-sct.gc.ca/pol/doc-eng.aspx?id=12328
id27088,"Optimizing Websites and Applications for Mobile Devices, Standard on",https://www.tbs-sct.gc.ca/pol/doc-eng.aspx?id=27088
id17251,TBITS 03: Coded Character Set for Information Interchange - Implementation Criteria,https://www.tbs-sct.gc.ca/pol/doc-eng.aspx?id=17251
id17253,TBITS 05 : Canadian Government Keyboard Standard for Information Technology Equipment - Implementation Criteria,https://www.tbs-sct.gc.ca/pol/doc-eng.aspx?id=17253
id17260,TBITS 06.11: Naming and Addressing for Government Handling Applications - Implementation Criteria,https://www.tbs-sct.gc.ca/pol/doc-eng.aspx?id=17260
id15746,"TBITS 06.9: Canadian Open Systems Application Criteria (COSAC), Telecommunications wiring system in Government-Owned and leased buildings - Implementation Criteria",https://www.tbs-sct.gc.ca/pol/doc-eng.aspx?id=15746
id17280,TBITS 12: Codes for the Representation of Currencies and Funds - Implementation Criteria,https://www.tbs-sct.gc.ca/pol/doc-eng.aspx?id=17280
id17281,TBITS 23: Information Technology Vocabulary - Implementation Criteria,https://www.tbs-sct.gc.ca/pol/doc-eng.aspx?id=17281
id17282,TBITS 25: Materiel Coding - Implementation Criteria,https://www.tbs-sct.gc.ca/pol/doc-eng.aspx?id=17282
id17283,"TBITS 26: Software Product Evaluation, Quality Characteristics and Guidelines for their Use - Implementation Criteria",https://www.tbs-sct.gc.ca/pol/doc-eng.aspx?id=17283
id17285,TBITS 30: Business Number - Implementation Criteria,https://www.tbs-sct.gc.ca/pol/doc-eng.aspx?id=17285
id17284,TBITS 36: All-Numeric Representation of Dates and Times -Implementation Criteria,https://www.tbs-sct.gc.ca/pol/doc-eng.aspx?id=17284
id15260,TBITS 38: Advanced card technologies - Physical parameters and appearance of the Government of Canada employee technology card - Implementation Criteria,https://www.tbs-sct.gc.ca/pol/doc-eng.aspx?id=15260
id23601,"Web Accessibility, Standard on",https://www.tbs-sct.gc.ca/pol/doc-eng.aspx?id=23601
id25875,"Web Interoperability, Standard on",https://www.tbs-sct.gc.ca/pol/doc-eng.aspx?id=25875
id24227,"Web Usability, Standard on",https://www.tbs-sct.gc.ca/pol/doc-eng.aspx?id=24227
id12510,"Privacy Protection, Policy on",https://www.tbs-sct.gc.ca/pol/doc-eng.aspx?id=12510
id26761,"Privacy and Web Analytics, Standard on",https://www.tbs-sct.gc.ca/pol/doc-eng.aspx?id=26761
id26154,"Privacy Breaches, Guidelines for",https://www.tbs-sct.gc.ca/pol/doc-eng.aspx?id=26154
id18308,"Privacy Impact Assessment, Directive on",https://www.tbs-sct.gc.ca/pol/doc-eng.aspx?id=18308
id18309,"Privacy Practices, Directive on",https://www.tbs-sct.gc.ca/pol/doc-eng.aspx?id=18309
id18311,"Privacy Requests and Correction of Personal Information, Directive on",https://www.tbs-sct.gc.ca/pol/doc-eng.aspx?id=18311
id13342,"Social Insurance Number, Directive on",https://www.tbs-sct.gc.ca/pol/doc-eng.aspx?id=13342
id13720,"Taking Privacy into Account Before Making Contracting Decisions, Guidance Document:",https://www.tbs-sct.gc.ca/pol/doc-eng.aspx?id=13720
id16484,"Internal Audit, Policy on",https://www.tbs-sct.gc.ca/pol/doc-eng.aspx?id=16484
id32533,"Internal Audit, Directive on",https://www.tbs-sct.gc.ca/pol/doc-eng.aspx?id=32533
id13607,"Ministers' Offices, Policies for",https://www.tbs-sct.gc.ca/pol/doc-eng.aspx?id=13607
id19134,"People Management, Policy Framework for",https://www.tbs-sct.gc.ca/pol/doc-eng.aspx?id=19134
id28697,"Classification, Policy on",https://www.tbs-sct.gc.ca/pol/doc-eng.aspx?id=28697
id28698,"Classification Grievances, Directive on",https://www.tbs-sct.gc.ca/pol/doc-eng.aspx?id=28698
id28699,"Classification Oversight, Directive on",https://www.tbs-sct.gc.ca/pol/doc-eng.aspx?id=28699
id28700,"Classification, Directive on",https://www.tbs-sct.gc.ca/pol/doc-eng.aspx?id=28700
id22370,"Discipline, Guidelines for",https://www.tbs-sct.gc.ca/pol/doc-eng.aspx?id=22370
id12541,"Duty to Accommodate Persons with Disabilities in the Federal Public Service, Policy on the",https://www.tbs-sct.gc.ca/pol/doc-eng.aspx?id=12541
id12542,"Employee Assistance Program, Policy on",https://www.tbs-sct.gc.ca/pol/doc-eng.aspx?id=12542
id12543,Employment Equity Policy,https://www.tbs-sct.gc.ca/pol/doc-eng.aspx?id=12543
id12572,"Executives, Policy on the Management of",https://www.tbs-sct.gc.ca/pol/doc-eng.aspx?id=12572
id14218,"Career Transition for Executives, Directive on",https://www.tbs-sct.gc.ca/pol/doc-eng.aspx?id=14218
id14219,"Executive (EX) Group Organization and Classification, Directive on",https://www.tbs-sct.gc.ca/pol/doc-eng.aspx?id=14219
id13877,Management Category - Position Description Writing Manual,https://www.tbs-sct.gc.ca/pol/doc-eng.aspx?id=13877
id14220,"Executive Compensation, Directive on",https://www.tbs-sct.gc.ca/pol/doc-eng.aspx?id=14220
id14226,"Performance Management Program (PMP) for Executives, Directive on the",https://www.tbs-sct.gc.ca/pol/doc-eng.aspx?id=14226
id27146,"Performance Management, Directive on",https://www.tbs-sct.gc.ca/pol/doc-eng.aspx?id=27146
id22379,"Termination or Demotion for Unsatisfactory Performance; Termination or Demotion for Reasons Other than Breaches of Discipline or Misconduct; and Termination of Employment During Probation, Guidelines for",https://www.tbs-sct.gc.ca/pol/doc-eng.aspx?id=22379
id26041,"Harassment Prevention and Resolution, Policy on",https://www.tbs-sct.gc.ca/pol/doc-eng.aspx?id=26041
id26040,"Harassment Complaint Process, Directive on the",https://www.tbs-sct.gc.ca/pol/doc-eng.aspx?id=26040
id12552,"Interchange Canada, Policy on",https://www.tbs-sct.gc.ca/pol/doc-eng.aspx?id=12552
id12553,"Interchange Canada, Directive on",https://www.tbs-sct.gc.ca/pol/doc-eng.aspx?id=12553
id12405,"Learning, Training, and Development, Policy on",https://www.tbs-sct.gc.ca/pol/doc-eng.aspx?id=12405
id12409,"Knowledge for Required Training, Standards on",https://www.tbs-sct.gc.ca/pol/doc-eng.aspx?id=12409
id12407,"Required Training, Directive on the Administration of",https://www.tbs-sct.gc.ca/pol/doc-eng.aspx?id=12407
id13937,"Legal Assistance and Indemnification, Policy on",https://www.tbs-sct.gc.ca/pol/doc-eng.aspx?id=13937
id12560,"Occupational Safety and Health, Policy on",https://www.tbs-sct.gc.ca/pol/doc-eng.aspx?id=12560
id12562,"Fire safety planning and fire emergency organization, Standard for",https://www.tbs-sct.gc.ca/pol/doc-eng.aspx?id=12562
id13608,Motor Vehicle Operations Directive,https://www.tbs-sct.gc.ca/pol/doc-eng.aspx?id=13608
id13661,Occupational Health and Safety Directive,https://www.tbs-sct.gc.ca/pol/doc-eng.aspx?id=13661
id12563,"Liaison with Private Contractors, Procedures for",https://www.tbs-sct.gc.ca/pol/doc-eng.aspx?id=12563
id13662,"Occupational Health and Safety, - General, Directives and Standards",https://www.tbs-sct.gc.ca/pol/doc-eng.aspx?id=13662
id12561,Occupational Health Evaluation Standard,https://www.tbs-sct.gc.ca/pol/doc-eng.aspx?id=12561
id13628,Pesticides Directive - Chapter 2-15,https://www.tbs-sct.gc.ca/pol/doc-eng.aspx?id=13628
id13605,Uniforms Directive,https://www.tbs-sct.gc.ca/pol/doc-eng.aspx?id=13605
id26160,"Official Languages, Policy on",https://www.tbs-sct.gc.ca/pol/doc-eng.aspx?id=26160
id26163,"Official Languages (Communications with and Services to the Public) Regulations, Directive on the Implementation of the",https://www.tbs-sct.gc.ca/pol/doc-eng.aspx?id=26163
id26164,"Official Languages for Communications and Services, Directive on",https://www.tbs-sct.gc.ca/pol/doc-eng.aspx?id=26164
id26168,"Official Languages for People Management, Directive on",https://www.tbs-sct.gc.ca/pol/doc-eng.aspx?id=26168
id12358,Official Languages Program in Organizations Subject to the Act: Appendix (Audit Guide) - March 1996,https://www.tbs-sct.gc.ca/pol/doc-eng.aspx?id=12358
id27146,"Performance Management, Directive on",https://www.tbs-sct.gc.ca/pol/doc-eng.aspx?id=27146
id12607,"Strikes, Policy on",https://www.tbs-sct.gc.ca/pol/doc-eng.aspx?id=12607
id27987,"Essential Services Designations, Guidelines for",https://www.tbs-sct.gc.ca/pol/doc-eng.aspx?id=27987
id12582,Student Employment Policy,https://www.tbs-sct.gc.ca/pol/doc-eng.aspx?id=12582
id12559,Telework Policy,https://www.tbs-sct.gc.ca/pol/doc-eng.aspx?id=12559
id12584,Term Employment Policy,https://www.tbs-sct.gc.ca/pol/doc-eng.aspx?id=12584
id13890,Termination of Employment of Public Service Employees Due to Alternative Delivery Situations (Policy),https://www.tbs-sct.gc.ca/pol/doc-eng.aspx?id=13890
id12583,Terms and Conditions of Employment for Students,https://www.tbs-sct.gc.ca/pol/doc-eng.aspx?id=12583
id12614,Workplace Day Care Centres,https://www.tbs-sct.gc.ca/pol/doc-eng.aspx?id=12614
id12612,Workplace Fitness Program Policy,https://www.tbs-sct.gc.ca/pol/doc-eng.aspx?id=12612
id31300,"Results, Policy on",https://www.tbs-sct.gc.ca/pol/doc-eng.aspx?id=31300
id32556,"Rapid Impact Evaluation, Guide to",https://www.tbs-sct.gc.ca/pol/doc-eng.aspx?id=32556
id31306,"Results, Directive on",https://www.tbs-sct.gc.ca/pol/doc-eng.aspx?id=31306
id19422,"Risk, Framework for the Management of",https://www.tbs-sct.gc.ca/pol/doc-eng.aspx?id=19422
id20930,"Self-Insurance, Guideline on",https://www.tbs-sct.gc.ca/pol/doc-eng.aspx?id=20930
id27916,"Service, Policy on",https://www.tbs-sct.gc.ca/pol/doc-eng.aspx?id=27916
id25748,"Service Agreements: An Overview, Guideline on",https://www.tbs-sct.gc.ca/pol/doc-eng.aspx?id=25748
id25761,"Service Agreements: Essential Elements, Guideline on",https://www.tbs-sct.gc.ca/pol/doc-eng.aspx?id=25761
id28422,"Service Management, Guideline on",https://www.tbs-sct.gc.ca/pol/doc-eng.aspx?id=28422
id25750,"Service Standards, Guideline on",https://www.tbs-sct.gc.ca/pol/doc-eng.aspx?id=25750
